{
  "News Page" : {
    "transaction" : "News Page",
    "sampleCount" : 1,
    "errorCount" : 0,
    "errorPct" : 0.0,
    "meanResTime" : 394.0,
    "medianResTime" : 394.0,
    "minResTime" : 394.0,
    "maxResTime" : 394.0,
    "pct1ResTime" : 394.0,
    "pct2ResTime" : 394.0,
    "pct3ResTime" : 394.0,
    "throughput" : 2.5380710659898473,
    "receivedKBytesPerSec" : 146.7768480329949,
    "sentKBytesPerSec" : 0.48332407994923854
  },
  "FAQ Page" : {
    "transaction" : "FAQ Page",
    "sampleCount" : 1,
    "errorCount" : 0,
    "errorPct" : 0.0,
    "meanResTime" : 326.0,
    "medianResTime" : 326.0,
    "minResTime" : 326.0,
    "maxResTime" : 326.0,
    "pct1ResTime" : 326.0,
    "pct2ResTime" : 326.0,
    "pct3ResTime" : 326.0,
    "throughput" : 3.067484662576687,
    "receivedKBytesPerSec" : 104.3603815184049,
    "sentKBytesPerSec" : 1.351011311349693
  },
  "Questions Page" : {
    "transaction" : "Questions Page",
    "sampleCount" : 1,
    "errorCount" : 0,
    "errorPct" : 0.0,
    "meanResTime" : 625.0,
    "medianResTime" : 625.0,
    "minResTime" : 625.0,
    "maxResTime" : 625.0,
    "pct1ResTime" : 625.0,
    "pct2ResTime" : 625.0,
    "pct3ResTime" : 625.0,
    "throughput" : 1.6,
    "receivedKBytesPerSec" : 188.4625,
    "sentKBytesPerSec" : 0.6984375
  },
  "Contacts Page" : {
    "transaction" : "Contacts Page",
    "sampleCount" : 1,
    "errorCount" : 0,
    "errorPct" : 0.0,
    "meanResTime" : 316.0,
    "medianResTime" : 316.0,
    "minResTime" : 316.0,
    "maxResTime" : 316.0,
    "pct1ResTime" : 316.0,
    "pct2ResTime" : 316.0,
    "pct3ResTime" : 316.0,
    "throughput" : 3.1645569620253164,
    "receivedKBytesPerSec" : 113.18853837025317,
    "sentKBytesPerSec" : 1.3783128955696202
  },
  "Total" : {
    "transaction" : "Total",
    "sampleCount" : 6,
    "errorCount" : 0,
    "errorPct" : 0.0,
    "meanResTime" : 406.8333333333333,
    "medianResTime" : 377.0,
    "minResTime" : 316.0,
    "maxResTime" : 625.0,
    "pct1ResTime" : 625.0,
    "pct2ResTime" : 625.0,
    "pct3ResTime" : 625.0,
    "throughput" : 2.434077079107505,
    "receivedKBytesPerSec" : 248.39194028904666,
    "sentKBytesPerSec" : 0.8632574797160244
  },
  "Video Gallery" : {
    "transaction" : "Video Gallery",
    "sampleCount" : 1,
    "errorCount" : 0,
    "errorPct" : 0.0,
    "meanResTime" : 360.0,
    "medianResTime" : 360.0,
    "minResTime" : 360.0,
    "maxResTime" : 360.0,
    "pct1ResTime" : 360.0,
    "pct2ResTime" : 360.0,
    "pct3ResTime" : 360.0,
    "throughput" : 2.7777777777777777,
    "receivedKBytesPerSec" : 115.41883680555556,
    "sentKBytesPerSec" : 1.2179904513888888
  },
  "Home Page" : {
    "transaction" : "Home Page",
    "sampleCount" : 1,
    "errorCount" : 0,
    "errorPct" : 0.0,
    "meanResTime" : 420.0,
    "medianResTime" : 420.0,
    "minResTime" : 420.0,
    "maxResTime" : 420.0,
    "pct1ResTime" : 420.0,
    "pct2ResTime" : 420.0,
    "pct3ResTime" : 420.0,
    "throughput" : 2.3809523809523814,
    "receivedKBytesPerSec" : 774.5884486607143,
    "sentKBytesPerSec" : 0.4441034226190476
  }
}